<?xml version="1.0" encoding="UTF-8" ?>
<XMLDB PATH="local/sis/db" VERSION="20241001" COMMENT="XMLDB file for Local SIS Plugin">
  <TABLES>
    <!-- Table: local_sis_ca_config -->
    <TABLE NAME="local_sis_ca_config" COMMENT="Continuous assessment configuration">
      <FIELDS>
        <FIELD NAME="id" TYPE="int" LENGTH="10" NOTNULL="true" SEQUENCE="true"/>
        <FIELD NAME="courseid" TYPE="int" LENGTH="10" NOTNULL="true" DEFAULT="0"/>
        <FIELD NAME="sessionid" TYPE="int" LENGTH="10" NOTNULL="true" DEFAULT="0"/>
        <FIELD NAME="termid" TYPE="int" LENGTH="10" NOTNULL="true" DEFAULT="0"/>
        <FIELD NAME="timemodified" TYPE="int" LENGTH="10" NOTNULL="true" DEFAULT="0"/>
        <FIELD NAME="components" TYPE="text" NOTNULL="false"/>
        <FIELD NAME="grading_scale" TYPE="text" NOTNULL="false"/>
      </FIELDS>
      <KEYS>
        <KEY NAME="primary" TYPE="primary" FIELDS="id"/>
        <KEY NAME="course_session_term" TYPE="unique" FIELDS="courseid, sessionid, termid"/>
      </KEYS>
      <INDEXES>
        <INDEX NAME="courseid_idx" UNIQUE="false" FIELDS="courseid"/>
        <INDEX NAME="sessionid_idx" UNIQUE="false" FIELDS="sessionid"/>
        <INDEX NAME="termid_idx" UNIQUE="false" FIELDS="termid"/>
      </INDEXES>
    </TABLE>

    <!-- Table: local_sis_comments -->
    <TABLE NAME="local_sis_comments" COMMENT="Student comments table">
      <FIELDS>
        <FIELD NAME="id" TYPE="int" LENGTH="10" NOTNULL="true" SEQUENCE="true"/>
        <FIELD NAME="userid" TYPE="int" LENGTH="10" NOTNULL="true"/>
        <FIELD NAME="categoryid" TYPE="int" LENGTH="10" NOTNULL="true"/>
        <FIELD NAME="sessionid" TYPE="int" LENGTH="10" NOTNULL="true" DEFAULT="0"/>
        <FIELD NAME="termid" TYPE="int" LENGTH="10" NOTNULL="true" DEFAULT="0"/>
        <FIELD NAME="session" TYPE="int" LENGTH="10" NOTNULL="true" DEFAULT="0"/>
        <FIELD NAME="term" TYPE="int" LENGTH="10" NOTNULL="true" DEFAULT="0"/>
        <FIELD NAME="teachercomment" TYPE="text" NOTNULL="false"/>
        <FIELD NAME="principalcomment" TYPE="text" NOTNULL="false"/>
        <FIELD NAME="timemodified" TYPE="int" LENGTH="10" NOTNULL="true"/>
      </FIELDS>
      <KEYS>
        <KEY NAME="primary" TYPE="primary" FIELDS="id"/>
      </KEYS>
      <INDEXES>
        <INDEX NAME="userid_idx" UNIQUE="false" FIELDS="userid"/>
        <INDEX NAME="categoryid_idx" UNIQUE="false" FIELDS="categoryid"/>
        <INDEX NAME="session_term_idx" UNIQUE="false" FIELDS="sessionid, termid"/>
      </INDEXES>
    </TABLE>

    <!-- Table: local_sis_fee -->
    <TABLE NAME="local_sis_fee" COMMENT="Student fee tracking">
      <FIELDS>
        <FIELD NAME="id" TYPE="int" LENGTH="10" NOTNULL="true" SEQUENCE="true"/>
        <FIELD NAME="userid" TYPE="int" LENGTH="10" NOTNULL="true"/>
        <FIELD NAME="amount" TYPE="number" LENGTH="10,2" NOTNULL="true" DEFAULT="0.00"/>
        <FIELD NAME="status" TYPE="char" LENGTH="20" NOTNULL="true" DEFAULT="pending"/>
        <FIELD NAME="session" TYPE="int" LENGTH="10" NOTNULL="true" DEFAULT="0"/>
        <FIELD NAME="term" TYPE="int" LENGTH="10" NOTNULL="true" DEFAULT="0"/>
        <FIELD NAME="timemodified" TYPE="int" LENGTH="10" NOTNULL="true" DEFAULT="0"/>
      </FIELDS>
      <KEYS>
        <KEY NAME="primary" TYPE="primary" FIELDS="id"/>
      </KEYS>
      <INDEXES>
        <INDEX NAME="userid_idx" UNIQUE="false" FIELDS="userid"/>
        <INDEX NAME="status_idx" UNIQUE="false" FIELDS="status"/>
        <INDEX NAME="session_term_idx" UNIQUE="false" FIELDS="session, term"/>
      </INDEXES>
    </TABLE>

    <!-- Table: local_sis_payments -->
    <TABLE NAME="local_sis_payments" COMMENT="Payment transactions">
      <FIELDS>
        <FIELD NAME="id" TYPE="int" LENGTH="10" NOTNULL="true" SEQUENCE="true"/>
        <FIELD NAME="userid" TYPE="int" LENGTH="10" NOTNULL="true"/>
        <FIELD NAME="courseid" TYPE="int" LENGTH="10" NOTNULL="false"/>
        <FIELD NAME="amount" TYPE="number" LENGTH="10,2" NOTNULL="true"/>
        <FIELD NAME="currency" TYPE="char" LENGTH="10" NOTNULL="true" DEFAULT="USD"/>
        <FIELD NAME="gateway" TYPE="char" LENGTH="50" NOTNULL="true"/>
        <FIELD NAME="transaction_id" TYPE="char" LENGTH="255" NOTNULL="false"/>
        <FIELD NAME="reference" TYPE="char" LENGTH="255" NOTNULL="true"/>
        <FIELD NAME="status" TYPE="char" LENGTH="50" NOTNULL="true" DEFAULT="pending"/>
        <FIELD NAME="payment_data" TYPE="text" NOTNULL="false"/>
        <FIELD NAME="created_at" TYPE="int" LENGTH="10" NOTNULL="true"/>
        <FIELD NAME="updated_at" TYPE="int" LENGTH="10" NOTNULL="true"/>
        <FIELD NAME="metadata" TYPE="text" NOTNULL="false"/>
      </FIELDS>
      <KEYS>
        <KEY NAME="primary" TYPE="primary" FIELDS="id"/>
      </KEYS>
      <INDEXES>
        <INDEX NAME="userid_idx" UNIQUE="false" FIELDS="userid"/>
        <INDEX NAME="reference_idx" UNIQUE="true" FIELDS="reference"/>
        <INDEX NAME="status_idx" UNIQUE="false" FIELDS="status"/>
        <INDEX NAME="gateway_idx" UNIQUE="false" FIELDS="gateway"/>
      </INDEXES>
    </TABLE>

    <!-- Table: local_sis_payment_categories -->
    <TABLE NAME="local_sis_payment_categories" COMMENT="Payment categories configuration">
      <FIELDS>
        <FIELD NAME="id" TYPE="int" LENGTH="10" NOTNULL="true" SEQUENCE="true"/>
        <FIELD NAME="categoryid" TYPE="int" LENGTH="10" NOTNULL="true"/>
        <FIELD NAME="course_fee" TYPE="number" LENGTH="10,2" NOTNULL="true" DEFAULT="0.00"/>
        <FIELD NAME="registration_fee" TYPE="number" LENGTH="10,2" NOTNULL="true" DEFAULT="0.00"/>
        <FIELD NAME="exam_fee" TYPE="number" LENGTH="10,2" NOTNULL="true" DEFAULT="0.00"/>
        <FIELD NAME="library_fee" TYPE="number" LENGTH="10,2" NOTNULL="true" DEFAULT="0.00"/>
        <FIELD NAME="other_fee" TYPE="number" LENGTH="10,2" NOTNULL="true" DEFAULT="0.00"/>
        <FIELD NAME="currency" TYPE="char" LENGTH="3" NOTNULL="true" DEFAULT="USD"/>
        <FIELD NAME="enabled" TYPE="int" LENGTH="1" NOTNULL="true" DEFAULT="1"/>
        <FIELD NAME="payallfees" TYPE="int" LENGTH="1" NOTNULL="false" DEFAULT="0"/>
        <FIELD NAME="created_at" TYPE="int" LENGTH="10" NOTNULL="true"/>
        <FIELD NAME="updated_at" TYPE="int" LENGTH="10" NOTNULL="true"/>
      </FIELDS>
      <KEYS>
        <KEY NAME="primary" TYPE="primary" FIELDS="id"/>
        <KEY NAME="categoryid_unique" TYPE="unique" FIELDS="categoryid"/>
      </KEYS>
    </TABLE>

    <!-- Table: local_sis_payment_config -->
    <TABLE NAME="local_sis_payment_config" COMMENT="Payment gateway configuration">
      <FIELDS>
        <FIELD NAME="id" TYPE="int" LENGTH="10" NOTNULL="true" SEQUENCE="true"/>
        <FIELD NAME="gateway" TYPE="char" LENGTH="50" NOTNULL="true"/>
        <FIELD NAME="config_key" TYPE="char" LENGTH="255" NOTNULL="true"/>
        <FIELD NAME="config_value" TYPE="text" NOTNULL="true"/>
        <FIELD NAME="is_secret" TYPE="int" LENGTH="1" NOTNULL="true" DEFAULT="0"/>
      </FIELDS>
      <KEYS>
        <KEY NAME="primary" TYPE="primary" FIELDS="id"/>
        <KEY NAME="gateway_key" TYPE="unique" FIELDS="gateway, config_key"/>
      </KEYS>
    </TABLE>

    <!-- Table: local_sis_promotions_log -->
    <TABLE NAME="local_sis_promotions_log" COMMENT="Student promotions log">
      <FIELDS>
        <FIELD NAME="id" TYPE="int" LENGTH="10" NOTNULL="true" SEQUENCE="true"/>
        <FIELD NAME="source_category" TYPE="int" LENGTH="10" NOTNULL="true"/>
        <FIELD NAME="target_category" TYPE="int" LENGTH="10" NOTNULL="true"/>
        <FIELD NAME="source_session" TYPE="int" LENGTH="10" NOTNULL="true"/>
        <FIELD NAME="target_session" TYPE="int" LENGTH="10" NOTNULL="true"/>
        <FIELD NAME="students_promoted" TYPE="int" LENGTH="10" NOTNULL="true" DEFAULT="0"/>
        <FIELD NAME="promoted_by" TYPE="int" LENGTH="10" NOTNULL="true"/>
        <FIELD NAME="timecreated" TYPE="int" LENGTH="10" NOTNULL="true"/>
        <FIELD NAME="details" TYPE="text" NOTNULL="false"/>
      </FIELDS>
      <KEYS>
        <KEY NAME="primary" TYPE="primary" FIELDS="id"/>
      </KEYS>
      <INDEXES>
        <INDEX NAME="source_category_idx" UNIQUE="false" FIELDS="source_category"/>
        <INDEX NAME="target_category_idx" UNIQUE="false" FIELDS="target_category"/>
        <INDEX NAME="promoted_by_idx" UNIQUE="false" FIELDS="promoted_by"/>
      </INDEXES>
    </TABLE>

    <!-- Table: local_sis_quizmap -->
    <TABLE NAME="local_sis_quizmap" COMMENT="Mapping between quizzes and courses">
      <FIELDS>
        <FIELD NAME="id" TYPE="int" LENGTH="10" NOTNULL="true" SEQUENCE="true"/>
        <FIELD NAME="quizid" TYPE="int" LENGTH="10" NOTNULL="true"/>
        <FIELD NAME="courseid" TYPE="int" LENGTH="10" NOTNULL="true"/>
        <FIELD NAME="categoryid" TYPE="int" LENGTH="10" NOTNULL="true"/>
        <FIELD NAME="weight" TYPE="number" LENGTH="10,2" NOTNULL="true" DEFAULT="0.00"/>
        <FIELD NAME="timemodified" TYPE="int" LENGTH="10" NOTNULL="true" DEFAULT="0"/>
      </FIELDS>
      <KEYS>
        <KEY NAME="primary" TYPE="primary" FIELDS="id"/>
        <KEY NAME="quiz_unique" TYPE="unique" FIELDS="quizid"/>
      </KEYS>
      <INDEXES>
        <INDEX NAME="courseid_idx" UNIQUE="false" FIELDS="courseid"/>
        <INDEX NAME="categoryid_idx" UNIQUE="false" FIELDS="categoryid"/>
      </INDEXES>
    </TABLE>

    <!-- Table: local_sis_result -->
    <TABLE NAME="local_sis_result" COMMENT="Student results storage">
      <FIELDS>
        <FIELD NAME="id" TYPE="int" LENGTH="10" NOTNULL="true" SEQUENCE="true"/>
        <FIELD NAME="courseid" TYPE="int" LENGTH="10" NOTNULL="true"/>
        <FIELD NAME="userid" TYPE="int" LENGTH="10" NOTNULL="true"/>
        <FIELD NAME="sessionid" TYPE="int" LENGTH="10" NOTNULL="true"/>
        <FIELD NAME="termid" TYPE="int" LENGTH="10" NOTNULL="true"/>
        <FIELD NAME="data" TYPE="text" NOTNULL="false"/>
        <FIELD NAME="total" TYPE="number" LENGTH="10,2" NOTNULL="true" DEFAULT="0.00"/>
        <FIELD NAME="grade" TYPE="char" LENGTH="10" NOTNULL="true" DEFAULT="F"/>
        <FIELD NAME="points" TYPE="number" LENGTH="5,2" NOTNULL="true" DEFAULT="0.00"/>
        <FIELD NAME="timecreated" TYPE="int" LENGTH="10" NOTNULL="true" DEFAULT="0"/>
        <FIELD NAME="timemodified" TYPE="int" LENGTH="10" NOTNULL="true" DEFAULT="0"/>
      </FIELDS>
      <KEYS>
        <KEY NAME="primary" TYPE="primary" FIELDS="id"/>
        <KEY NAME="user_course_session_term" TYPE="unique" FIELDS="userid, courseid, sessionid, termid"/>
      </KEYS>
      <INDEXES>
        <INDEX NAME="courseid_idx" UNIQUE="false" FIELDS="courseid"/>
        <INDEX NAME="userid_idx" UNIQUE="false" FIELDS="userid"/>
        <INDEX NAME="session_term_idx" UNIQUE="false" FIELDS="sessionid, termid"/>
      </INDEXES>
    </TABLE>

    <!-- Table: local_sis_school_settings -->
    <TABLE NAME="local_sis_school_settings" COMMENT="School settings and information">
      <FIELDS>
        <FIELD NAME="id" TYPE="int" LENGTH="10" NOTNULL="true" SEQUENCE="true"/>
        <FIELD NAME="schoolname" TYPE="char" LENGTH="255" NOTNULL="true" DEFAULT=""/>
        <FIELD NAME="schooladdress" TYPE="text" NOTNULL="false"/>
        <FIELD NAME="schoolmotto" TYPE="char" LENGTH="255" NOTNULL="false" DEFAULT=""/>
        <FIELD NAME="phone" TYPE="char" LENGTH="50" NOTNULL="false" DEFAULT=""/>
        <FIELD NAME="state" TYPE="char" LENGTH="100" NOTNULL="false" DEFAULT=""/>
        <FIELD NAME="country" TYPE="char" LENGTH="100" NOTNULL="false" DEFAULT=""/>
        <FIELD NAME="schoollogo" TYPE="char" LENGTH="255" NOTNULL="false" DEFAULT=""/>
        <FIELD NAME="principalsignature" TYPE="char" LENGTH="255" NOTNULL="false" DEFAULT=""/>
        <FIELD NAME="timemodified" TYPE="int" LENGTH="10" NOTNULL="true" DEFAULT="0"/>
      </FIELDS>
      <KEYS>
        <KEY NAME="primary" TYPE="primary" FIELDS="id"/>
      </KEYS>
    </TABLE>

    <!-- Table: local_sis_sessions -->
    <TABLE NAME="local_sis_sessions" COMMENT="Academic sessions and terms">
      <FIELDS>
        <FIELD NAME="id" TYPE="int" LENGTH="10" NOTNULL="true" SEQUENCE="true"/>
        <FIELD NAME="sessionname" TYPE="char" LENGTH="50" NOTNULL="true" DEFAULT=""/>
        <FIELD NAME="isactive" TYPE="int" LENGTH="1" NOTNULL="true" DEFAULT="0"/>
        <FIELD NAME="timemodified" TYPE="int" LENGTH="10" NOTNULL="true" DEFAULT="0"/>
        <FIELD NAME="isdefault" TYPE="int" LENGTH="1" NOTNULL="true" DEFAULT="0"/>
      </FIELDS>
      <KEYS>
        <KEY NAME="primary" TYPE="primary" FIELDS="id"/>
      </KEYS>
      <INDEXES>
        <INDEX NAME="isactive_idx" UNIQUE="false" FIELDS="isactive"/>
        <INDEX NAME="isdefault_idx" UNIQUE="false" FIELDS="isdefault"/>
      </INDEXES>
    </TABLE>

    <!-- Table: local_sis_student_access -->
    <TABLE NAME="local_sis_student_access" COMMENT="Student access control for quizzes and results">
      <FIELDS>
        <FIELD NAME="id" TYPE="int" LENGTH="10" NOTNULL="true" SEQUENCE="true"/>
        <FIELD NAME="userid" TYPE="int" LENGTH="10" NOTNULL="true"/>
        <FIELD NAME="categoryid" TYPE="int" LENGTH="10" NOTNULL="true"/>
        <FIELD NAME="sessionid" TYPE="int" LENGTH="10" NOTNULL="true"/>
        <FIELD NAME="termid" TYPE="int" LENGTH="10" NOTNULL="true"/>
        <FIELD NAME="can_attempt_quiz" TYPE="int" LENGTH="1" NOTNULL="true" DEFAULT="0"/>
        <FIELD NAME="can_view_results" TYPE="int" LENGTH="1" NOTNULL="true" DEFAULT="0"/>
        <FIELD NAME="timecreated" TYPE="int" LENGTH="10" NOTNULL="true"/>
        <FIELD NAME="timemodified" TYPE="int" LENGTH="10" NOTNULL="true"/>
      </FIELDS>
      <KEYS>
        <KEY NAME="primary" TYPE="primary" FIELDS="id"/>
        <KEY NAME="user_category_session_term" TYPE="unique" FIELDS="userid, categoryid, sessionid, termid"/>
      </KEYS>
      <INDEXES>
        <INDEX NAME="userid_idx" UNIQUE="false" FIELDS="userid"/>
        <INDEX NAME="categoryid_idx" UNIQUE="false" FIELDS="categoryid"/>
        <INDEX NAME="session_term_idx" UNIQUE="false" FIELDS="sessionid, termid"/>
      </INDEXES>
    </TABLE>

    <!-- Table: local_sis_terms -->
    <TABLE NAME="local_sis_terms" COMMENT="Academic terms">
      <FIELDS>
        <FIELD NAME="id" TYPE="int" LENGTH="10" NOTNULL="true" SEQUENCE="true"/>
        <FIELD NAME="sessionid" TYPE="int" LENGTH="10" NOTNULL="true"/>
        <FIELD NAME="termname" TYPE="char" LENGTH="255" NOTNULL="true" DEFAULT=""/>
        <FIELD NAME="isdefault" TYPE="int" LENGTH="1" NOTNULL="true" DEFAULT="0"/>
        <FIELD NAME="calculate_cumulative" TYPE="int" LENGTH="1" NOTNULL="true" DEFAULT="0"/>
        <FIELD NAME="timecreated" TYPE="int" LENGTH="10" NOTNULL="true"/>
        <FIELD NAME="timemodified" TYPE="int" LENGTH="10" NOTNULL="true"/>
      </FIELDS>
      <KEYS>
        <KEY NAME="primary" TYPE="primary" FIELDS="id"/>
        <KEY NAME="session_term" TYPE="unique" FIELDS="sessionid, termname"/>
      </KEYS>
      <INDEXES>
        <INDEX NAME="sessionid_idx" UNIQUE="false" FIELDS="sessionid"/>
        <INDEX NAME="isdefault_idx" UNIQUE="false" FIELDS="isdefault"/>
      </INDEXES>
    </TABLE>
  </TABLES>
</XMLDB>