<?xml version="1.0" encoding="UTF-8" ?>
<XMLDB PATH="local/sis/db" VERSION="20241121" COMMENT="XMLDB file for Moodle local_sis plugin">
    <TABLES>
        <!-- Payments table -->
        <TABLE NAME="local_sis_payments" COMMENT="Payment transactions">
            <FIELDS>
                <FIELD NAME="id" TYPE="int" LENGTH="10" NOTNULL="true" SEQUENCE="true"/>
                <FIELD NAME="userid" TYPE="int" LENGTH="10" NOTNULL="true" SEQUENCE="false"/>
                <FIELD NAME="courseid" TYPE="int" LENGTH="10" NOTNULL="false" SEQUENCE="false"/>
                <FIELD NAME="amount" TYPE="number" LENGTH="10,2" NOTNULL="true" SEQUENCE="false"/>
                <FIELD NAME="currency" TYPE="char" LENGTH="10" NOTNULL="true" DEFAULT="USD" SEQUENCE="false"/>
                <FIELD NAME="gateway" TYPE="char" LENGTH="50" NOTNULL="true" SEQUENCE="false"/>
                <FIELD NAME="transaction_id" TYPE="char" LENGTH="255" NOTNULL="false" SEQUENCE="false"/>
                <FIELD NAME="reference" TYPE="char" LENGTH="255" NOTNULL="true" SEQUENCE="false"/>
                <FIELD NAME="status" TYPE="char" LENGTH="50" NOTNULL="true" DEFAULT="pending" SEQUENCE="false"/>
                <FIELD NAME="payment_data" TYPE="text" NOTNULL="false" SEQUENCE="false"/>
                <FIELD NAME="created_at" TYPE="int" LENGTH="10" NOTNULL="true" SEQUENCE="false"/>
                <FIELD NAME="updated_at" TYPE="int" LENGTH="10" NOTNULL="true" SEQUENCE="false"/>
                <FIELD NAME="metadata" TYPE="text" NOTNULL="false" SEQUENCE="false"/>
            </FIELDS>
            <KEYS>
                <KEY NAME="primary" TYPE="primary" FIELDS="id"/>
            </KEYS>
        </TABLE>

        <!-- Payment categories table -->
        <TABLE NAME="local_sis_payment_categories" COMMENT="Payment categories and amounts">
            <FIELDS>
                <FIELD NAME="id" TYPE="int" LENGTH="10" NOTNULL="true" SEQUENCE="true"/>
                <FIELD NAME="categoryid" TYPE="int" LENGTH="10" NOTNULL="true" SEQUENCE="false"/>
                <FIELD NAME="amount" TYPE="number" LENGTH="10,2" NOTNULL="true" SEQUENCE="false"/>
                <FIELD NAME="currency" TYPE="char" LENGTH="10" NOTNULL="true" DEFAULT="USD" SEQUENCE="false"/>
                <FIELD NAME="payment_type" TYPE="char" LENGTH="50" NOTNULL="true" DEFAULT="course_fee" SEQUENCE="false"/>
                <FIELD NAME="enabled" TYPE="int" LENGTH="1" NOTNULL="true" DEFAULT="1" SEQUENCE="false"/>
                <FIELD NAME="created_at" TYPE="int" LENGTH="10" NOTNULL="true" SEQUENCE="false"/>
                <FIELD NAME="updated_at" TYPE="int" LENGTH="10" NOTNULL="true" SEQUENCE="false"/>
            </FIELDS>
            <KEYS>
                <KEY NAME="primary" TYPE="primary" FIELDS="id"/>
            </KEYS>
        </TABLE>

        <!-- Payment configuration table -->
        <TABLE NAME="local_sis_payment_config" COMMENT="Payment gateway configuration">
            <FIELDS>
                <FIELD NAME="id" TYPE="int" LENGTH="10" NOTNULL="true" SEQUENCE="true"/>
                <FIELD NAME="gateway" TYPE="char" LENGTH="50" NOTNULL="true" SEQUENCE="false"/>
                <FIELD NAME="config_key" TYPE="char" LENGTH="255" NOTNULL="true" SEQUENCE="false"/>
                <FIELD NAME="config_value" TYPE="text" NOTNULL="true" SEQUENCE="false"/>
                <FIELD NAME="is_secret" TYPE="int" LENGTH="1" NOTNULL="true" DEFAULT="0" SEQUENCE="false"/>
            </FIELDS>
            <KEYS>
                <KEY NAME="primary" TYPE="primary" FIELDS="id"/>
            </KEYS>
        </TABLE>

        <!-- Promotions log table -->
        <TABLE NAME="local_sis_promotions_log" COMMENT="Log of student promotions">
            <FIELDS>
                <FIELD NAME="id" TYPE="int" LENGTH="10" NOTNULL="true" UNSIGNED="true" SEQUENCE="true"/>
                <FIELD NAME="source_category" TYPE="int" LENGTH="10" NOTNULL="true" UNSIGNED="true" SEQUENCE="false"/>
                <FIELD NAME="target_category" TYPE="int" LENGTH="10" NOTNULL="true" UNSIGNED="true" SEQUENCE="false"/>
                <FIELD NAME="source_session" TYPE="int" LENGTH="10" NOTNULL="true" UNSIGNED="true" SEQUENCE="false"/>
                <FIELD NAME="target_session" TYPE="int" LENGTH="10" NOTNULL="true" UNSIGNED="true" SEQUENCE="false"/>
                <FIELD NAME="students_promoted" TYPE="int" LENGTH="10" NOTNULL="true" UNSIGNED="true" DEFAULT="0" SEQUENCE="false"/>
                <FIELD NAME="promoted_by" TYPE="int" LENGTH="10" NOTNULL="true" UNSIGNED="true" SEQUENCE="false"/>
                <FIELD NAME="timecreated" TYPE="int" LENGTH="10" NOTNULL="true" UNSIGNED="true" SEQUENCE="false"/>
                <FIELD NAME="details" TYPE="text" NOTNULL="false" SEQUENCE="false"/>
            </FIELDS>
            <KEYS>
                <KEY NAME="primary" TYPE="primary" FIELDS="id"/>
            </KEYS>
        </TABLE>

        <!-- Results table -->
        <TABLE NAME="local_sis_result" COMMENT="Student results and grades">
            <FIELDS>
                <FIELD NAME="id" TYPE="int" LENGTH="10" NOTNULL="true" SEQUENCE="true"/>
                <FIELD NAME="courseid" TYPE="int" LENGTH="10" NOTNULL="true" SEQUENCE="false"/>
                <FIELD NAME="userid" TYPE="int" LENGTH="10" NOTNULL="true" SEQUENCE="false"/>
                <FIELD NAME="sessionid" TYPE="int" LENGTH="10" NOTNULL="true" SEQUENCE="false"/>
                <FIELD NAME="termid" TYPE="int" LENGTH="10" NOTNULL="true" SEQUENCE="false"/>
                <FIELD NAME="data" TYPE="text" NOTNULL="false" SEQUENCE="false"/>
                <FIELD NAME="total" TYPE="number" LENGTH="10,2" NOTNULL="true" DEFAULT="0.00" SEQUENCE="false"/>
                <FIELD NAME="grade" TYPE="char" LENGTH="10" NOTNULL="true" DEFAULT="F" SEQUENCE="false"/>
                <FIELD NAME="points" TYPE="number" LENGTH="5,2" NOTNULL="true" DEFAULT="0.00" SEQUENCE="false"/>
                <FIELD NAME="timecreated" TYPE="int" LENGTH="10" NOTNULL="true" DEFAULT="0" SEQUENCE="false"/>
                <FIELD NAME="timemodified" TYPE="int" LENGTH="10" NOTNULL="true" DEFAULT="0" SEQUENCE="false"/>
            </FIELDS>
            <KEYS>
                <KEY NAME="primary" TYPE="primary" FIELDS="id"/>
            </KEYS>
        </TABLE>

        <!-- Continuous Assessment table -->
        <TABLE NAME="local_sis_ca" COMMENT="Continuous assessment records">
            <FIELDS>
                <FIELD NAME="id" TYPE="int" LENGTH="10" NOTNULL="true" SEQUENCE="true"/>
                <FIELD NAME="userid" TYPE="int" LENGTH="10" NOTNULL="true" DEFAULT="0" SEQUENCE="false"/>
                <FIELD NAME="courseid" TYPE="int" LENGTH="10" NOTNULL="true" DEFAULT="0" SEQUENCE="false"/>
                <FIELD NAME="ca_score" TYPE="number" LENGTH="10,2" NOTNULL="true" DEFAULT="0.00" SEQUENCE="false"/>
                <FIELD NAME="timemodified" TYPE="int" LENGTH="10" NOTNULL="true" DEFAULT="0" SEQUENCE="false"/>
            </FIELDS>
            <KEYS>
                <KEY NAME="primary" TYPE="primary" FIELDS="id"/>
            </KEYS>
        </TABLE>

        <!-- CA Configuration table -->
        <TABLE NAME="local_sis_ca_config" COMMENT="Continuous assessment configuration">
            <FIELDS>
                <FIELD NAME="id" TYPE="int" LENGTH="10" NOTNULL="true" SEQUENCE="true"/>
                <FIELD NAME="courseid" TYPE="int" LENGTH="10" NOTNULL="true" DEFAULT="0" SEQUENCE="false"/>
                <FIELD NAME="sessionid" TYPE="int" LENGTH="10" NOTNULL="true" DEFAULT="0" SEQUENCE="false"/>
                <FIELD NAME="termid" TYPE="int" LENGTH="10" NOTNULL="true" DEFAULT="0" SEQUENCE="false"/>
                <FIELD NAME="timemodified" TYPE="int" LENGTH="10" NOTNULL="true" DEFAULT="0" SEQUENCE="false"/>
                <FIELD NAME="components" TYPE="text" NOTNULL="false" SEQUENCE="false"/>
                <FIELD NAME="grading_scale" TYPE="text" NOTNULL="false" SEQUENCE="false"/>
            </FIELDS>
            <KEYS>
                <KEY NAME="primary" TYPE="primary" FIELDS="id"/>
            </KEYS>
        </TABLE>

        <!-- Comments table -->
        <TABLE NAME="local_sis_comments" COMMENT="Teacher and principal comments">
            <FIELDS>
                <FIELD NAME="id" TYPE="int" LENGTH="10" NOTNULL="true" SEQUENCE="true"/>
                <FIELD NAME="userid" TYPE="int" LENGTH="10" NOTNULL="true" SEQUENCE="false"/>
                <FIELD NAME="categoryid" TYPE="int" LENGTH="10" NOTNULL="true" SEQUENCE="false"/>
                <FIELD NAME="sessionid" TYPE="int" LENGTH="10" NOTNULL="true" DEFAULT="0" SEQUENCE="false"/>
                <FIELD NAME="termid" TYPE="int" LENGTH="10" NOTNULL="true" DEFAULT="0" SEQUENCE="false"/>
                <FIELD NAME="session" TYPE="int" LENGTH="10" NOTNULL="true" DEFAULT="0" SEQUENCE="false"/>
                <FIELD NAME="term" TYPE="int" LENGTH="10" NOTNULL="true" DEFAULT="0" SEQUENCE="false"/>
                <FIELD NAME="teachercomment" TYPE="text" NOTNULL="false" SEQUENCE="false"/>
                <FIELD NAME="principalcomment" TYPE="text" NOTNULL="false" SEQUENCE="false"/>
                <FIELD NAME="timemodified" TYPE="int" LENGTH="10" NOTNULL="true" SEQUENCE="false"/>
            </FIELDS>
            <KEYS>
                <KEY NAME="primary" TYPE="primary" FIELDS="id"/>
            </KEYS>
        </TABLE>

        <!-- Exam mapping table -->
        <TABLE NAME="local_sis_exam_map" COMMENT="Mapping of exams to courses or categories">
            <FIELDS>
                <FIELD NAME="id" TYPE="int" LENGTH="10" NOTNULL="true" SEQUENCE="true"/>
                <FIELD NAME="examid" TYPE="int" LENGTH="10" NOTNULL="true" SEQUENCE="false"/>
                <FIELD NAME="courseid" TYPE="int" LENGTH="10" NOTNULL="true" SEQUENCE="false"/>
                <FIELD NAME="categoryid" TYPE="int" LENGTH="10" NOTNULL="true" SEQUENCE="false"/>
                <FIELD NAME="weight" TYPE="number" LENGTH="10,2" NOTNULL="true" DEFAULT="0.00" SEQUENCE="false"/>
                <FIELD NAME="timemodified" TYPE="int" LENGTH="10" NOTNULL="true" DEFAULT="0" SEQUENCE="false"/>
            </FIELDS>
            <KEYS>
                <KEY NAME="primary" TYPE="primary" FIELDS="id"/>
            </KEYS>
        </TABLE>

        <!-- Fee tracking table -->
        <TABLE NAME="local_sis_fee" COMMENT="Student fee tracking">
            <FIELDS>
                <FIELD NAME="id" TYPE="int" LENGTH="10" NOTNULL="true" SEQUENCE="true"/>
                <FIELD NAME="userid" TYPE="int" LENGTH="10" NOTNULL="true" SEQUENCE="false"/>
                <FIELD NAME="amount" TYPE="number" LENGTH="10,2" NOTNULL="true" DEFAULT="0.00" SEQUENCE="false"/>
                <FIELD NAME="status" TYPE="char" LENGTH="20" NOTNULL="true" DEFAULT="pending" SEQUENCE="false"/>
                <FIELD NAME="session" TYPE="int" LENGTH="10" NOTNULL="true" DEFAULT="0" SEQUENCE="false"/>
                <FIELD NAME="term" TYPE="int" LENGTH="10" NOTNULL="true" DEFAULT="0" SEQUENCE="false"/>
                <FIELD NAME="timemodified" TYPE="int" LENGTH="10" NOTNULL="true" DEFAULT="0" SEQUENCE="false"/>
            </FIELDS>
            <KEYS>
                <KEY NAME="primary" TYPE="primary" FIELDS="id"/>
            </KEYS>
        </TABLE>

        <!-- Quiz mapping table -->
        <TABLE NAME="local_sis_quizmap" COMMENT="Mapping between quizzes and courses">
            <FIELDS>
                <FIELD NAME="id" TYPE="int" LENGTH="10" NOTNULL="true" SEQUENCE="true"/>
                <FIELD NAME="quizid" TYPE="int" LENGTH="10" NOTNULL="true" SEQUENCE="false"/>
                <FIELD NAME="courseid" TYPE="int" LENGTH="10" NOTNULL="true" SEQUENCE="false"/>
                <FIELD NAME="categoryid" TYPE="int" LENGTH="10" NOTNULL="true" SEQUENCE="false"/>
                <FIELD NAME="weight" TYPE="number" LENGTH="10,2" NOTNULL="true" DEFAULT="0.00" SEQUENCE="false"/>
                <FIELD NAME="timemodified" TYPE="int" LENGTH="10" NOTNULL="true" DEFAULT="0" SEQUENCE="false"/>
            </FIELDS>
            <KEYS>
                <KEY NAME="primary" TYPE="primary" FIELDS="id"/>
            </KEYS>
        </TABLE>

        <!-- School settings table -->
        <TABLE NAME="local_sis_school_settings" COMMENT="School configuration and settings">
            <FIELDS>
                <FIELD NAME="id" TYPE="int" LENGTH="10" NOTNULL="true" SEQUENCE="true"/>
                <FIELD NAME="schoolname" TYPE="char" LENGTH="255" NOTNULL="true" DEFAULT="" SEQUENCE="false"/>
                <FIELD NAME="schooladdress" TYPE="text" NOTNULL="false" SEQUENCE="false"/>
                <FIELD NAME="schoolmotto" TYPE="char" LENGTH="255" NOTNULL="false" DEFAULT="" SEQUENCE="false"/>
                <FIELD NAME="phone" TYPE="char" LENGTH="50" NOTNULL="false" DEFAULT="" SEQUENCE="false"/>
                <FIELD NAME="state" TYPE="char" LENGTH="100" NOTNULL="false" DEFAULT="" SEQUENCE="false"/>
                <FIELD NAME="country" TYPE="char" LENGTH="100" NOTNULL="false" DEFAULT="" SEQUENCE="false"/>
                <FIELD NAME="schoollogo" TYPE="char" LENGTH="255" NOTNULL="false" DEFAULT="" SEQUENCE="false"/>
                <FIELD NAME="principalsignature" TYPE="char" LENGTH="255" NOTNULL="false" DEFAULT="" SEQUENCE="false"/>
                <FIELD NAME="timemodified" TYPE="int" LENGTH="10" NOTNULL="true" DEFAULT="0" SEQUENCE="false"/>
            </FIELDS>
            <KEYS>
                <KEY NAME="primary" TYPE="primary" FIELDS="id"/>
            </KEYS>
        </TABLE>

        <!-- Sessions table -->
        <TABLE NAME="local_sis_sessions" COMMENT="Academic sessions and terms">
            <FIELDS>
                <FIELD NAME="id" TYPE="int" LENGTH="10" NOTNULL="true" SEQUENCE="true"/>
                <FIELD NAME="sessionname" TYPE="char" LENGTH="50" NOTNULL="true" DEFAULT="" SEQUENCE="false"/>
                <FIELD NAME="isactive" TYPE="int" LENGTH="1" NOTNULL="true" DEFAULT="0" SEQUENCE="false"/>
                <FIELD NAME="timemodified" TYPE="int" LENGTH="10" NOTNULL="true" DEFAULT="0" SEQUENCE="false"/>
                <FIELD NAME="isdefault" TYPE="int" LENGTH="1" NOTNULL="true" DEFAULT="0" SEQUENCE="false"/>
            </FIELDS>
            <KEYS>
                <KEY NAME="primary" TYPE="primary" FIELDS="id"/>
            </KEYS>
        </TABLE>

        <!-- Student access control table -->
        <TABLE NAME="local_sis_student_access" COMMENT="Student access control for quizzes and results">
            <FIELDS>
                <FIELD NAME="id" TYPE="int" LENGTH="10" NOTNULL="true" SEQUENCE="true"/>
                <FIELD NAME="userid" TYPE="int" LENGTH="10" NOTNULL="true" SEQUENCE="false"/>
                <FIELD NAME="categoryid" TYPE="int" LENGTH="10" NOTNULL="true" SEQUENCE="false"/>
                <FIELD NAME="sessionid" TYPE="int" LENGTH="10" NOTNULL="true" SEQUENCE="false"/>
                <FIELD NAME="termid" TYPE="int" LENGTH="10" NOTNULL="true" SEQUENCE="false"/>
                <FIELD NAME="can_attempt_quiz" TYPE="int" LENGTH="1" NOTNULL="true" DEFAULT="0" SEQUENCE="false"/>
                <FIELD NAME="can_view_results" TYPE="int" LENGTH="1" NOTNULL="true" DEFAULT="0" SEQUENCE="false"/>
                <FIELD NAME="timecreated" TYPE="int" LENGTH="10" NOTNULL="true" SEQUENCE="false"/>
                <FIELD NAME="timemodified" TYPE="int" LENGTH="10" NOTNULL="true" SEQUENCE="false"/>
            </FIELDS>
            <KEYS>
                <KEY NAME="primary" TYPE="primary" FIELDS="id"/>
            </KEYS>
        </TABLE>

        <!-- Terms table -->
        <TABLE NAME="local_sis_terms" COMMENT="Academic terms">
            <FIELDS>
                <FIELD NAME="id" TYPE="int" LENGTH="10" NOTNULL="true" SEQUENCE="true"/>
                <FIELD NAME="sessionid" TYPE="int" LENGTH="10" NOTNULL="true" SEQUENCE="false"/>
                <FIELD NAME="termname" TYPE="char" LENGTH="255" NOTNULL="true" DEFAULT="" SEQUENCE="false"/>
                <FIELD NAME="isdefault" TYPE="int" LENGTH="1" NOTNULL="true" DEFAULT="0" SEQUENCE="false"/>
                <FIELD NAME="calculate_cumulative" TYPE="int" LENGTH="1" NOTNULL="true" DEFAULT="0" SEQUENCE="false"/>
                <FIELD NAME="timecreated" TYPE="int" LENGTH="10" NOTNULL="true" SEQUENCE="false"/>
                <FIELD NAME="timemodified" TYPE="int" LENGTH="10" NOTNULL="true" SEQUENCE="false"/>
            </FIELDS>
            <KEYS>
                <KEY NAME="primary" TYPE="primary" FIELDS="id"/>
            </KEYS>
        </TABLE>
    </TABLES>
</XMLDB>